{
  "alpha": 1.0,
  "metrics": {
    "brier": 0.04655562634968237,
    "auroc": 0.8872481684981686,
    "f1": 0.5714285714285714
  }
}