{
  "alpha": 0.25,
  "metrics": {
    "brier": 0.058660478734043155,
    "auroc": 0.7684294871794872,
    "f1": 0.29411764705882354
  }
}