{
  "alpha": 0.8,
  "metrics": {
    "brier": 0.03377657316584395,
    "auroc": 0.9474587912087913,
    "f1": 0.7111111111111111
  }
}