{
  "alpha": 0.7000000000000001,
  "metrics": {
    "brier": 0.03412095506010894,
    "auroc": 0.9499771062271063,
    "f1": 0.6666666666666666
  }
}