{
  "alpha": 1.0,
  "metrics": {
    "brier": 0.046555626349682376,
    "auroc": 0.8872481684981686,
    "f1": 0.5714285714285714
  }
}