{
  "alpha": 0.6000000000000001,
  "metrics": {
    "brier": 0.03418414339924572,
    "auroc": 0.9495192307692308,
    "f1": 0.6666666666666666
  }
}