{
  "alpha": 0.8500000000000001,
  "metrics": {
    "brier": 0.03595921458228726,
    "auroc": 0.9490613553113554,
    "f1": 0.723404255319149
  }
}