{
  "brier": 0.03855973554861175,
  "auroc": 0.9699100112485939,
  "f1": 0.5365853658536586
}