{
  "brier": 0.038577245380020476,
  "auroc": 0.9697225346831646,
  "f1": 0.5365853658536586
}