{
  "brier": 0.03857724538002043,
  "auroc": 0.9697225346831646,
  "f1": 0.5365853658536586
}