{
  "brier": 0.039619088765384336,
  "auroc": 0.9735658042744657,
  "f1": 0.35294117647058826
}