{
  "threshold": 0.1579464963695826,
  "precision": 0.7,
  "recall": 0.5,
  "f1": 0.5833333333333334,
  "class_imbalance": 0.08235294117647059
}