{
  "threshold": 0.32929840703256147,
  "precision": 0.8636363636363636,
  "recall": 0.6785714285714286,
  "f1": 0.76,
  "class_imbalance": 0.08235294117647059
}