{
  "threshold": 0.2325401096317268,
  "precision": 0.7727272727272727,
  "recall": 0.6071428571428571,
  "f1": 0.68,
  "class_imbalance": 0.08235294117647059
}