{
  "feature_set": "stress",
  "project_root": "D:\\Coding\\AWRY",
  "now_metrics": {
    "brier": 0.03403634227873999,
    "auroc": 0.9484890109890111,
    "f1": 0.7111111111111111
  },
  "forecast_metrics": {
    "brier": 0.04529049389592411,
    "auroc": 0.8932005494505495,
    "f1": 0.6046511627906976
  },
  "composite_metrics": {
    "brier": 0.03377657316584395,
    "auroc": 0.9474587912087913,
    "f1": 0.7111111111111111
  },
  "alpha": 0.8,
  "thresholds": {
    "threshold": 0.4210873008394691,
    "precision": 0.9473684210526315,
    "recall": 0.6428571428571429,
    "f1": 0.7659574468085106,
    "class_imbalance": 0.08235294117647059
  },
  "backtest_leads": {
    "2008 GFC": 3,
    "2020 COVID": null,
    "2001 Dot-com": 0
  },
  "in_sample_metrics": {
    "brier": 0.04544473488897073,
    "auroc": 0.9611923509561305,
    "f1": 0.13333333333333333
  }
}