{
  "feature_set": "baseline",
  "project_root": "C:\\Users\\Adi Tauqir\\Documents\\GSU\\Projects\\AWRY",
  "now_metrics": {
    "brier": 0.04655562634968237,
    "auroc": 0.8872481684981686,
    "f1": 0.5714285714285714
  },
  "forecast_metrics": {
    "brier": 0.06776689760456522,
    "auroc": 0.7371794871794872,
    "f1": 0.17647058823529413
  },
  "composite_metrics": {
    "brier": 0.04655562634968237,
    "auroc": 0.8872481684981686,
    "f1": 0.5714285714285714
  },
  "alpha": 1.0,
  "thresholds": {
    "threshold": 0.2325401096317268,
    "precision": 0.7727272727272727,
    "recall": 0.6071428571428571,
    "f1": 0.68,
    "class_imbalance": 0.08235294117647059
  },
  "backtest_leads": {
    "2008 GFC": 3,
    "2020 COVID": null,
    "2001 Dot-com": null
  },
  "in_sample_metrics": {
    "brier": 0.03857724538002043,
    "auroc": 0.9697225346831646,
    "f1": 0.5365853658536586
  }
}