{
  "feature_set": "full",
  "project_root": "D:\\Coding\\AWRY",
  "now_metrics": {
    "brier": 0.035319383644162164,
    "auroc": 0.950206043956044,
    "f1": 0.6956521739130435
  },
  "forecast_metrics": {
    "brier": 0.04503193194553753,
    "auroc": 0.9065934065934066,
    "f1": 0.5581395348837209
  },
  "composite_metrics": {
    "brier": 0.03418414339924572,
    "auroc": 0.9495192307692308,
    "f1": 0.6666666666666666
  },
  "alpha": 0.6000000000000001,
  "thresholds": {
    "threshold": 0.3238016016096563,
    "precision": 0.8571428571428571,
    "recall": 0.6428571428571429,
    "f1": 0.7346938775510204,
    "class_imbalance": 0.08235294117647059
  },
  "backtest_leads": {
    "2008 GFC": 3,
    "2020 COVID": 1,
    "2001 Dot-com": 1
  },
  "in_sample_metrics": {
    "brier": 0.03516117087346544,
    "auroc": 0.984251968503937,
    "f1": 0.4
  }
}