{
  "feature_set": "full_news",
  "project_root": "D:\\Coding\\AWRY",
  "now_metrics": {
    "brier": 0.03487624038441422,
    "auroc": 0.9474587912087912,
    "f1": 0.6956521739130435
  },
  "forecast_metrics": {
    "brier": 0.04587969431528144,
    "auroc": 0.8696199633699634,
    "f1": 0.6046511627906976
  },
  "composite_metrics": {
    "brier": 0.03412095506010894,
    "auroc": 0.9499771062271063,
    "f1": 0.6666666666666666
  },
  "alpha": 0.7000000000000001,
  "thresholds": {
    "threshold": 0.32929840703256147,
    "precision": 0.8636363636363636,
    "recall": 0.6785714285714286,
    "f1": 0.76,
    "class_imbalance": 0.08235294117647059
  },
  "backtest_leads": {
    "2008 GFC": 2,
    "2020 COVID": null,
    "2001 Dot-com": 7
  },
  "in_sample_metrics": {
    "brier": 0.039619088765384336,
    "auroc": 0.9735658042744657,
    "f1": 0.35294117647058826
  }
}