{
  "feature_set": "baseline",
  "project_root": "D:\\Coding\\AWRY",
  "now_metrics": {
    "brier": 0.036143141473579686,
    "auroc": 0.9484890109890111,
    "f1": 0.723404255319149
  },
  "forecast_metrics": {
    "brier": 0.05321726274193622,
    "auroc": 0.8442078754578755,
    "f1": 0.42105263157894735
  },
  "composite_metrics": {
    "brier": 0.03595921458228726,
    "auroc": 0.9490613553113554,
    "f1": 0.723404255319149
  },
  "alpha": 0.8500000000000001,
  "thresholds": {
    "threshold": 0.3953474929466258,
    "precision": 0.9,
    "recall": 0.6428571428571429,
    "f1": 0.75,
    "class_imbalance": 0.08235294117647059
  },
  "backtest_leads": {
    "2008 GFC": 2,
    "2020 COVID": null,
    "2001 Dot-com": 23
  },
  "in_sample_metrics": {
    "brier": 0.04362205814010307,
    "auroc": 0.8965129358830146,
    "f1": 0.4864864864864865
  }
}