{
  "feature_set": "full_news",
  "project_root": "C:\\Users\\Adi Tauqir\\Documents\\GSU\\Projects\\AWRY",
  "now_metrics": {
    "brier": 0.0607918832301608,
    "auroc": 0.6918498168498168,
    "f1": 0.3888888888888889
  },
  "forecast_metrics": {
    "brier": 0.07109999015452505,
    "auroc": 0.6928800366300366,
    "f1": 0.11764705882352941
  },
  "composite_metrics": {
    "brier": 0.058660478734043155,
    "auroc": 0.7684294871794872,
    "f1": 0.29411764705882354
  },
  "alpha": 0.25,
  "thresholds": {
    "threshold": 0.1579464963695826,
    "precision": 0.7,
    "recall": 0.5,
    "f1": 0.5833333333333334,
    "class_imbalance": 0.08235294117647059
  },
  "backtest_leads": {
    "2008 GFC": 22,
    "2020 COVID": 16,
    "2001 Dot-com": 25
  },
  "in_sample_metrics": {
    "brier": 0.019811319259941756,
    "auroc": 1.0,
    "f1": 0.782608695652174
  }
}